paymentType,year,month,mean_costAmount,median_costAmount,mean_priceAmount,median_priceAmount,mean_passengerCount,median_passengerCount
Cash,2009,1,8.97,7.1,9.24,7.3,1.71,1.0
Credit card,2009,1,11.48,8.9,14.06,10.7,1.65,1.0
Dispute,2009,1,11.61,7.3,11.91,7.4,1.28,1.0
No Charge,2009,1,10.23,6.5,10.43,6.6,1.21,1.0
Cash,2009,2,9.06,7.3,9.33,7.4,1.69,1.0
Credit card,2009,2,11.54,8.9,14.13,10.8,1.64,1.0
Dispute,2009,2,12.4,8.1,12.74,8.1,1.2,1.0
No Charge,2009,2,10.32,6.7,10.53,6.9,1.24,1.0
Cash,2009,3,9.27,7.3,9.56,7.5,1.7,1.0
Credit card,2009,3,11.84,8.9,14.48,10.9,1.64,1.0
Dispute,2009,3,12.55,8.1,12.83,8.1,1.24,1.0
No Charge,2009,3,10.56,6.9,10.79,6.95,1.26,1.0
Cash,2009,4,9.26,7.3,9.55,7.5,1.71,1.0
Credit card,2009,4,11.72,8.9,14.32,10.9,1.63,1.0
Dispute,2009,4,12.51,8.1,12.86,8.1,1.3,1.0
No Charge,2009,4,10.42,6.7,10.65,6.9,1.26,1.0
Cash,2009,5,9.31,7.3,9.6,7.5,1.71,1.0
Credit card,2009,5,11.84,8.9,14.49,10.9,1.65,1.0
Dispute,2009,5,12.27,7.7,12.59,8.1,1.31,1.0
No Charge,2009,5,10.39,6.5,10.62,6.65,1.27,1.0
Cash,2009,6,9.3,7.3,9.6,7.4,1.7,1.0
Credit card,2009,6,11.77,8.9,14.42,10.87,1.64,1.0
Dispute,2009,6,12.15,7.7,12.53,7.7,1.3,1.0
No Charge,2009,6,10.21,6.5,10.43,6.5,1.24,1.0
Cash,2009,7,9.31,7.3,9.62,7.4,1.72,1.0
Credit card,2009,7,11.62,8.9,14.26,10.7,1.64,1.0
Dispute,2009,7,12.46,7.7,12.84,7.7,1.31,1.0
No Charge,2009,7,10.21,6.1,10.48,6.5,1.25,1.0
Cash,2009,8,9.35,7.3,9.66,7.4,1.74,1.0
Credit card,2009,8,11.58,8.9,14.21,10.68,1.65,1.0
Dispute,2009,8,12.65,7.3,13.01,7.7,1.31,1.0
No Charge,2009,8,10.25,6.1,10.51,6.5,1.27,1.0
Cash,2009,9,9.48,7.3,9.8,7.7,1.7,1.0
Credit card,2009,9,11.85,8.9,14.54,10.88,1.63,1.0
Dispute,2009,9,12.55,7.7,12.94,7.7,1.31,1.0
No Charge,2009,9,10.43,6.5,10.68,6.5,1.26,1.0
Cash,2009,10,9.35,7.3,9.72,7.7,1.7,1.0
Credit card,2009,10,11.6,8.9,14.3,10.8,1.62,1.0
Dispute,2009,10,13.02,7.7,13.52,8.1,1.32,1.0
No Charge,2009,10,10.65,6.5,11.04,6.5,1.24,1.0
Cash,2009,11,9.34,7.3,10.26,8.2,1.72,1.0
Credit card,2009,11,11.53,8.9,14.82,11.3,1.63,1.0
Dispute,2009,11,11.47,6.9,12.6,7.8,1.33,1.0
No Charge,2009,11,10.01,6.5,11.02,7.1,1.26,1.0
Cash,2009,12,9.37,7.3,10.32,8.2,1.73,1.0
Credit card,2009,12,11.51,8.9,14.84,11.3,1.64,1.0
Dispute,2009,12,11.37,6.9,12.53,7.9,1.29,1.0
No Charge,2009,12,10.09,6.5,11.15,7.1,1.28,1.0
Cash,2010,1,8.77,6.9,9.69,7.8,1.71,1.0
Credit card,2010,1,10.78,8.1,13.94,10.7,1.64,1.0
Dispute,2010,1,11.13,6.5,12.31,7.5,1.26,1.0
No Charge,2010,1,9.65,6.1,10.68,6.8,1.25,1.0
Cash,2010,2,8.8,6.9,6.63,7.8,1.66,1.0
Credit card,2010,2,10.7,8.1,13.37,10.75,1.59,1.0
Unknown,2010,2,11.28,5.7,12.33,6.6,1.24,1.0
Cash,2010,3,6.07,6.9,4.35,7.9,1.66,1.0
Credit card,2010,3,11.11,8.5,13.99,10.92,1.59,1.0
Dispute,2010,3,11.14,6.1,12.33,7.1,1.2,1.0
No Charge,2010,3,10.28,5.7,11.36,6.4,1.25,1.0
Unknown,2010,3,0.0,0.0,0.18,0.0,1.26,1.0
Cash,2010,4,9.2,7.3,10.16,8.0,1.7,1.0
Credit card,2010,4,11.14,8.5,14.37,11.0,1.62,1.0
Dispute,2010,4,11.28,6.5,12.44,7.4,1.22,1.0
No Charge,2010,4,9.71,6.1,10.76,6.7,1.24,1.0
Cash,2010,5,9.42,7.3,10.38,8.2,1.71,1.0
Credit card,2010,5,11.41,8.5,14.68,11.2,1.63,1.0
Dispute,2010,5,11.05,6.1,12.18,7.0,1.22,1.0
No Charge,2010,5,9.73,5.7,10.77,6.7,1.23,1.0
Cash,2010,6,9.4,7.3,10.37,8.2,1.7,1.0
Credit card,2010,6,11.38,8.5,14.66,11.2,1.63,1.0
Dispute,2010,6,11.15,6.1,12.28,7.0,1.21,1.0
No Charge,2010,6,9.57,5.7,10.6,6.7,1.24,1.0
Cash,2010,7,9.37,7.3,10.33,8.2,1.72,1.0
Credit card,2010,7,11.15,8.5,14.37,11.0,1.62,1.0
Dispute,2010,7,11.03,6.1,12.26,7.0,1.2,1.0
No Charge,2010,7,9.46,5.7,10.53,6.4,1.25,1.0
Cash,2010,8,9.44,7.3,10.41,8.2,1.77,1.0
Credit card,2010,8,11.2,8.5,14.43,11.0,1.68,1.0
Dispute,2010,8,11.29,6.1,12.35,7.1,1.22,1.0
No Charge,2010,8,9.7,5.7,10.66,6.6,1.24,1.0
Cash,2010,9,9.54,7.3,10.49,8.2,1.67,1.0
Credit card,2010,9,11.41,8.9,14.65,11.25,1.59,1.0
Dispute,2010,9,12.1,5.7,13.16,6.65,1.23,1.0
No Charge,2010,9,9.29,5.7,10.25,6.6,1.26,1.0
Cash,2010,10,9.47,7.3,10.42,8.2,1.7,1.0
Credit card,2010,10,11.26,8.5,14.49,11.1,1.62,1.0
Cash,2010,11,9.43,7.3,10.37,8.2,1.72,1.0
Credit card,2010,11,11.27,8.5,14.5,11.04,1.63,1.0
Cash,2010,12,9.51,7.3,10.47,8.2,1.72,1.0
Credit card,2010,12,11.27,8.5,14.52,11.1,1.64,1.0
Cash,2011,1,9.03,6.9,9.96,7.9,1.67,1.0
Credit card,2011,1,10.7,8.1,13.84,10.75,1.61,1.0
Cash,2011,2,9.09,7.3,10.02,7.9,1.66,1.0
Credit card,2011,2,10.76,8.5,13.95,10.9,1.6,1.0
Cash,2011,3,9.28,7.3,10.24,8.0,1.65,1.0
Credit card,2011,3,11.0,8.5,14.3,11.0,1.59,1.0
Cash,2011,4,9.41,7.3,10.38,8.2,1.65,1.0
Credit card,2011,4,11.05,8.5,14.34,11.0,1.56,1.0
Cash,2011,5,9.66,7.3,10.63,8.3,1.67,1.0
Credit card,2011,5,11.39,8.5,14.76,11.28,1.6,1.0
Cash,2011,6,9.63,7.3,10.61,8.3,1.67,1.0
Credit card,2011,6,11.35,8.5,14.72,11.28,1.6,1.0
Cash,2011,7,9.56,7.3,10.53,8.2,1.71,1.0
Credit card,2011,7,11.11,8.5,14.4,11.1,1.61,1.0
Cash,2011,8,9.64,7.3,10.63,8.2,1.68,1.0
Credit card,2011,8,11.13,8.5,14.46,11.0,1.59,1.0
Cash,2011,9,9.89,7.7,10.87,8.4,1.69,1.0
Credit card,2011,9,11.58,8.9,14.98,11.4,1.62,1.0
Cash,2011,10,9.68,7.3,10.64,8.3,1.71,1.0
Credit card,2011,10,11.32,8.5,14.67,11.25,1.64,1.0
Cash,2011,11,9.73,7.7,10.69,8.3,1.71,1.0
Credit card,2011,11,11.46,8.9,14.84,11.3,1.64,1.0
Cash,2011,12,9.69,7.7,10.67,8.3,1.73,1.0
Credit card,2011,12,11.36,8.5,14.74,11.3,1.65,1.0
Cash,2012,1,9.06,6.9,10.0,7.9,1.69,1.0
Credit card,2012,1,10.68,8.1,13.9,10.7,1.63,1.0
Dispute,2012,1,10.78,5.3,11.81,6.2,1.17,1.0
No Charge,2012,1,10.09,5.3,11.02,6.3,1.27,1.0
Cash,2012,2,9.18,7.3,10.13,8.0,1.69,1.0
Credit card,2012,2,10.75,8.1,13.96,10.8,1.64,1.0
Unknown,2012,2,13.91,8.9,18.5,11.6,1.84,1.0
Cash,2012,3,9.45,7.3,10.43,8.2,1.69,1.0
Credit card,2012,3,11.09,8.5,14.4,11.0,1.63,1.0
Dispute,2012,3,10.88,6.5,11.99,7.4,1.01,1.0
No Charge,2012,3,9.64,5.7,10.66,6.4,1.12,1.0
Unknown,2012,3,13.79,9.3,18.2,12.0,1.81,1.0
Cash,2012,4,9.62,7.3,10.59,8.3,1.71,1.0
Credit card,2012,4,11.14,8.5,14.45,11.04,1.64,1.0
Dispute,2012,4,11.1,6.5,12.21,7.4,1.06,1.0
No Charge,2012,4,9.66,5.3,10.67,6.3,1.14,1.0
Unknown,2012,4,13.77,9.3,18.16,12.2,1.88,1.0
Cash,2012,5,9.82,7.7,10.8,8.4,1.72,1.0
Credit card,2012,5,11.42,8.9,14.81,11.29,1.66,1.0
Dispute,2012,5,11.13,6.5,12.23,7.4,1.21,1.0
No Charge,2012,5,9.78,5.3,10.77,6.3,1.22,1.0
Unknown,2012,5,14.5,9.7,19.09,12.8,1.82,1.0
Cash,2012,6,9.79,7.7,10.77,8.3,1.72,1.0
Credit card,2012,6,11.39,8.5,14.78,11.28,1.66,1.0
Dispute,2012,6,10.77,6.5,11.88,7.4,1.18,1.0
No Charge,2012,6,9.53,5.3,10.56,6.2,1.21,1.0
Unknown,2012,6,14.33,9.7,18.95,12.6,1.84,1.0
Cash,2012,7,9.7,7.3,10.68,8.3,1.75,1.0
Credit card,2012,7,11.12,8.5,14.42,11.0,1.66,1.0
Dispute,2012,7,10.81,6.1,11.91,7.0,1.2,1.0
No Charge,2012,7,9.7,5.3,10.71,6.0,1.21,1.0
Unknown,2012,7,14.0,9.3,18.42,12.2,1.87,1.0
Cash,2012,8,9.82,7.3,10.81,8.3,1.74,1.0
Credit card,2012,8,11.19,8.5,14.54,11.0,1.66,1.0
Dispute,2012,8,11.22,6.1,12.35,7.0,1.22,1.0
No Charge,2012,8,10.2,5.3,11.23,6.0,1.21,1.0
Unknown,2012,8,13.86,9.3,18.29,12.2,1.86,1.0
Cash,2012,9,11.44,8.5,12.42,9.5,1.74,1.0
Credit card,2012,9,13.31,10.0,16.93,13.0,1.67,1.0
Dispute,2012,9,13.24,7.5,14.37,8.5,1.21,1.0
No Charge,2012,9,11.49,6.0,12.5,7.0,1.22,1.0
Unknown,2012,9,17.21,11.5,22.18,14.5,1.92,1.0
Cash,2012,10,11.5,8.5,12.49,9.5,1.73,1.0
Credit card,2012,10,13.36,10.0,17.01,13.0,1.67,1.0
Dispute,2012,10,13.52,7.5,14.67,8.5,1.23,1.0
No Charge,2012,10,11.41,6.0,12.46,7.0,1.22,1.0
Unknown,2012,10,17.05,11.5,22.03,14.0,1.94,1.0
Cash,2012,11,11.33,8.5,12.27,9.5,1.73,1.0
Credit card,2012,11,13.2,10.0,16.78,12.6,1.67,1.0
Dispute,2012,11,13.05,7.0,14.15,8.0,1.2,1.0
No Charge,2012,11,11.23,5.5,12.25,6.5,1.21,1.0
Unknown,2012,11,16.73,11.0,21.54,14.0,1.87,1.0
Cash,2012,12,11.35,8.5,12.31,9.5,1.76,1.0
Credit card,2012,12,13.38,10.0,17.04,13.0,1.69,1.0
Dispute,2012,12,13.38,8.0,14.48,8.5,1.23,1.0
No Charge,2012,12,11.63,6.0,12.66,7.0,1.23,1.0
Unknown,2012,12,16.42,11.0,21.23,14.0,1.91,1.0
Cash,2013,1,10.67,8.0,11.62,9.0,1.72,1.0
Credit card,2013,1,12.55,9.5,16.05,12.0,1.68,1.0
Dispute,2013,1,12.22,7.0,13.28,8.0,1.19,1.0
No Charge,2013,1,10.65,5.5,11.71,6.5,1.19,1.0
Unknown,2013,1,15.91,10.5,20.53,13.5,1.86,1.0
Cash,2013,2,10.68,8.0,11.62,9.0,1.72,1.0
Credit card,2013,2,12.55,9.5,16.02,12.2,1.68,1.0
Dispute,2013,2,13.1,7.5,14.17,8.5,1.21,1.0
No Charge,2013,2,10.87,5.5,11.89,6.5,1.19,1.0
Unknown,2013,2,15.79,10.5,20.32,13.5,1.85,1.0
Cash,2013,3,11.06,8.5,12.04,9.0,1.74,1.0
Credit card,2013,3,12.88,9.5,16.46,12.5,1.69,1.0
Dispute,2013,3,13.64,8.0,14.77,9.0,1.23,1.0
No Charge,2013,3,11.63,6.5,12.68,7.0,1.21,1.0
Unknown,2013,3,16.1,10.5,20.71,13.5,1.75,1.0
Cash,2013,4,11.28,8.5,12.27,9.5,1.74,1.0
Credit card,2013,4,13.14,10.0,16.77,12.6,1.69,1.0
Dispute,2013,4,13.83,8.5,15.03,9.5,1.23,1.0
No Charge,2013,4,11.8,6.5,12.84,7.5,1.19,1.0
Unknown,2013,4,16.8,11.0,21.59,14.0,1.91,1.0
Cash,2013,5,11.58,8.5,12.59,9.5,1.75,1.0
Credit card,2013,5,13.47,10.0,17.18,13.0,1.69,1.0
Dispute,2013,5,14.08,8.5,15.22,9.5,1.24,1.0
No Charge,2013,5,11.92,6.5,12.95,7.0,1.22,1.0
Unknown,2013,5,17.74,11.5,22.73,14.5,1.84,1.0
Cash,2013,6,11.57,9.0,12.57,9.5,1.75,1.0
Credit card,2013,6,13.46,10.0,17.17,13.0,1.7,1.0
Dispute,2013,6,14.19,8.0,15.32,9.0,1.23,1.0
No Charge,2013,6,11.88,6.0,12.91,7.0,1.23,1.0
Unknown,2013,6,17.38,11.0,21.83,13.5,2.22,1.0
Cash,2013,7,11.4,8.5,12.4,9.5,1.76,1.0
Credit card,2013,7,13.16,10.0,16.8,12.6,1.7,1.0
Dispute,2013,7,13.57,7.5,14.76,8.5,1.25,1.0
No Charge,2013,7,11.43,5.5,12.55,6.5,1.25,1.0
Unknown,2013,7,10.08,7.5,13.44,10.28,1.94,1.0
Cash,2013,8,11.67,8.5,12.92,9.5,1.74,1.0
Credit card,2013,8,13.33,10.0,17.04,12.6,1.66,1.0
Dispute,2013,8,15.07,7.5,16.65,9.0,1.28,1.0
No Charge,2013,8,18.18,5.0,19.52,6.0,1.25,1.0
Unknown,2013,8,12.5,10.0,15.96,12.58,2.1,1.0
Cash,2013,9,11.71,9.0,12.72,9.5,1.74,1.0
Credit card,2013,9,13.55,10.0,17.28,13.0,1.69,1.0
Dispute,2013,9,13.66,7.5,14.83,8.5,1.24,1.0
No Charge,2013,9,11.16,5.5,12.22,6.5,1.22,1.0
Unknown,2013,9,12.75,10.0,16.17,12.94,2.13,1.0
Cash,2013,10,11.63,9.0,12.64,9.5,1.73,1.0
Credit card,2013,10,13.46,10.0,17.21,13.0,1.67,1.0
Dispute,2013,10,13.01,7.5,14.16,8.5,1.23,1.0
No Charge,2013,10,11.02,5.5,12.09,6.5,1.22,1.0
Unknown,2013,10,13.01,10.5,16.47,13.11,2.13,1.0
Cash,2013,11,11.42,8.5,12.4,9.5,1.73,1.0
Credit card,2013,11,13.27,10.0,16.95,13.0,1.68,1.0
Dispute,2013,11,12.99,7.0,14.13,8.0,1.25,1.0
No Charge,2013,11,10.85,5.5,11.91,6.5,1.22,1.0
Unknown,2013,11,12.84,10.5,16.21,13.1,2.13,1.0
Cash,2013,12,11.62,9.0,12.62,9.5,1.76,1.0
Credit card,2013,12,13.59,10.0,17.39,13.0,1.69,1.0
Dispute,2013,12,13.41,7.5,14.58,8.5,1.27,1.0
No Charge,2013,12,11.1,5.5,12.18,6.5,1.25,1.0
Unknown,2013,12,12.91,10.0,16.46,13.1,2.13,1.0
Cash,2014,1,10.93,8.0,11.9,9.0,1.73,1.0
Credit card,2014,1,12.75,9.5,16.35,12.2,1.68,1.0
Dispute,2014,1,13.39,7.5,14.54,8.5,1.24,1.0
No Charge,2014,1,11.0,5.0,12.03,6.0,1.21,1.0
Unknown,2014,1,12.03,9.5,15.38,12.3,2.13,1.0
Cash,2014,2,11.04,8.5,12.01,9.0,1.72,1.0
Credit card,2014,2,12.78,9.5,16.37,12.5,1.68,1.0
Dispute,2014,2,13.1,7.0,14.24,8.0,1.23,1.0
No Charge,2014,2,10.9,5.5,11.95,6.0,1.19,1.0
Unknown,2014,2,11.81,9.5,15.07,12.26,2.13,1.0
Cash,2014,3,11.14,8.5,12.13,9.0,1.73,1.0
Credit card,2014,3,12.97,9.5,16.61,12.5,1.67,1.0
Dispute,2014,3,13.26,7.5,14.41,8.5,1.22,1.0
No Charge,2014,3,11.05,5.5,12.12,6.5,1.2,1.0
Unknown,2014,3,11.92,9.5,15.2,12.29,2.12,1.0
Cash,2014,4,11.52,8.5,12.53,9.5,1.74,1.0
Credit card,2014,4,13.18,10.0,16.88,12.6,1.67,1.0
Dispute,2014,4,13.41,8.0,14.6,9.0,1.23,1.0
No Charge,2014,4,11.37,5.5,12.47,7.0,1.22,1.0
Unknown,2014,4,11.87,9.5,15.13,12.38,2.11,1.0
Cash,2014,5,11.95,9.0,12.98,9.5,1.73,1.0
Credit card,2014,5,13.8,10.5,17.65,13.1,1.67,1.0
Dispute,2014,5,13.81,8.0,15.02,9.0,1.24,1.0
No Charge,2014,5,11.58,6.0,12.69,7.0,1.21,1.0
Unknown,2014,5,12.14,10.0,15.42,12.5,2.11,1.0
Cash,2014,6,11.92,9.0,12.95,9.5,1.74,1.0
Credit card,2014,6,13.76,10.5,17.61,13.1,1.68,1.0
Dispute,2014,6,13.47,8.0,14.68,9.0,1.23,1.0
No Charge,2014,6,11.93,6.0,13.04,7.0,1.21,1.0
Unknown,2014,6,12.17,10.0,15.44,12.5,2.11,1.0
Cash,2014,7,11.73,8.5,12.76,9.5,1.75,1.0
Credit card,2014,7,13.36,10.0,17.11,12.65,1.67,1.0
Dispute,2014,7,13.7,8.0,14.9,9.0,1.24,1.0
No Charge,2014,7,11.99,6.5,13.11,7.5,1.23,1.0
Unknown,2014,7,12.08,9.5,15.31,12.38,2.09,1.0
Cash,2014,8,11.99,9.0,13.03,9.5,1.75,1.0
Credit card,2014,8,13.48,10.0,17.25,13.0,1.67,1.0
Dispute,2014,8,14.37,8.5,15.6,9.5,1.25,1.0
No Charge,2014,8,12.41,6.5,13.53,7.5,1.24,1.0
Unknown,2014,8,12.03,9.5,15.22,12.05,2.09,1.0
Cash,2014,9,12.01,9.0,13.04,9.5,1.72,1.0
Credit card,2014,9,13.69,10.5,17.49,13.1,1.66,1.0
Dispute,2014,9,13.5,8.0,14.65,9.0,1.22,1.0
No Charge,2014,9,12.0,6.0,13.09,7.0,1.23,1.0
Unknown,2014,9,11.98,9.5,15.12,12.2,2.08,1.0
Cash,2014,10,11.91,9.0,12.93,9.5,1.72,1.0
Credit card,2014,10,13.58,10.0,17.39,13.0,1.66,1.0
Dispute,2014,10,13.53,8.5,14.68,9.0,1.22,1.0
No Charge,2014,10,11.98,6.5,13.07,7.5,1.22,1.0
Unknown,2014,10,11.74,9.5,14.82,12.0,2.07,1.0
Cash,2014,11,11.74,9.0,12.72,9.5,1.72,1.0
Credit card,2014,11,13.52,10.0,17.26,13.0,1.66,1.0
Dispute,2014,11,13.49,8.5,14.6,9.0,1.21,1.0
No Charge,2014,11,11.81,6.0,12.86,7.0,1.21,1.0
Unknown,2014,11,11.55,9.5,14.52,11.9,2.07,1.0
Cash,2014,12,11.88,9.0,12.89,9.5,1.73,1.0
Credit card,2014,12,13.7,10.0,17.54,13.0,1.66,1.0
Dispute,2014,12,13.94,8.5,15.11,9.5,1.24,1.0
No Charge,2014,12,12.02,6.5,13.12,7.5,1.24,1.0
Unknown,2014,12,11.65,9.5,14.7,11.9,2.08,1.0
Cash,2015,1,10.96,8.0,12.24,9.3,1.71,1.0
Credit card,2015,1,12.53,9.5,16.97,12.3,1.66,1.0
Dispute,2015,1,9.8,6.0,10.99,7.3,1.36,1.0
No Charge,2015,1,10.39,5.5,11.85,6.8,1.24,1.0
Unknown,2015,1,3.0,3.0,3.4,3.4,2.0,2.0
Cash,2015,2,11.29,8.5,12.61,9.8,1.7,1.0
Credit card,2015,2,12.94,9.5,16.97,12.87,1.65,1.0
Dispute,2015,2,36.29,6.5,37.4,7.3,1.33,1.0
No Charge,2015,2,10.69,6.0,12.08,7.3,1.22,1.0
Unknown,2015,2,3.0,3.0,3.8,3.8,1.0,1.0
Cash,2015,3,11.61,8.5,13.04,9.8,1.7,1.0
Credit card,2015,3,13.29,10.0,17.43,12.96,1.66,1.0
Dispute,2015,3,47.33,6.5,48.54,7.8,1.33,1.0
No Charge,2015,3,11.83,6.0,13.33,7.3,1.23,1.0
Unknown,2015,3,6.0,6.0,6.65,6.65,0.5,0.5
Cash,2015,4,11.92,9.0,13.39,9.8,1.72,1.0
Credit card,2015,4,13.41,10.0,17.58,13.3,1.66,1.0
Dispute,2015,4,10.47,7.0,11.99,8.3,1.33,1.0
No Charge,2015,4,12.2,6.5,13.75,7.8,1.26,1.0
Unknown,2015,4,3.12,3.0,3.72,3.8,0.75,1.0
Cash,2015,5,12.24,9.0,13.58,10.3,1.72,1.0
Credit card,2015,5,13.86,10.5,18.13,13.55,1.67,1.0
Dispute,2015,5,15.69,7.5,16.97,8.8,1.34,1.0
No Charge,2015,5,11.75,6.5,13.29,7.8,1.27,1.0
Unknown,2015,5,26.43,13.5,27.13,14.3,1.33,1.0
Cash,2015,6,12.18,9.0,13.52,10.3,1.72,1.0
Credit card,2015,6,13.77,10.0,18.03,13.5,1.66,1.0
Dispute,2015,6,13.67,7.5,14.99,8.8,1.34,1.0
No Charge,2015,6,23.37,6.5,24.83,7.8,1.27,1.0
Unknown,2015,6,14.5,14.5,15.55,15.55,1.5,1.5
Cash,2015,7,12.12,9.0,13.47,9.8,1.75,1.0
Credit card,2015,7,13.5,10.0,17.7,13.0,1.67,1.0
Dispute,2015,7,11.23,7.5,12.77,8.8,1.34,1.0
No Charge,2015,7,16.73,6.5,18.42,7.8,1.28,1.0
Cash,2015,8,12.3,9.0,13.65,9.8,1.75,1.0
Credit card,2015,8,13.52,10.0,17.73,12.96,1.67,1.0
Dispute,2015,8,11.56,7.5,12.99,8.8,1.35,1.0
No Charge,2015,8,12.02,6.5,13.57,7.8,1.3,1.0
Unknown,2015,8,0.0,0.0,0.0,0.0,0.0,0.0
Cash,2015,9,12.49,9.0,13.84,10.3,1.72,1.0
Credit card,2015,9,13.78,10.0,18.05,13.3,1.66,1.0
Dispute,2015,9,12.29,8.0,13.77,8.8,1.32,1.0
No Charge,2015,9,12.41,6.5,13.87,7.8,1.27,1.0
Unknown,2015,9,0.0,0.0,0.0,0.0,0.0,0.0
Cash,2015,10,12.36,9.0,13.71,10.3,1.71,1.0
Credit card,2015,10,13.87,10.0,18.18,13.5,1.65,1.0
Dispute,2015,10,11.27,7.5,12.65,8.8,1.33,1.0
No Charge,2015,10,16.22,6.5,17.76,7.8,1.26,1.0
Unknown,2015,10,6.0,6.0,6.0,6.0,1.0,1.0
Cash,2015,11,12.12,9.0,13.44,9.8,1.71,1.0
Credit card,2015,11,13.72,10.0,17.98,13.3,1.66,1.0
Dispute,2015,11,11.08,7.5,12.42,8.8,1.33,1.0
No Charge,2015,11,14.71,6.0,16.21,7.3,1.26,1.0
Unknown,2015,11,74.49,59.5,82.98,75.85,0.67,0.0
Cash,2015,12,12.57,9.0,13.91,10.3,1.72,1.0
Credit card,2015,12,13.71,10.0,18.0,13.3,1.66,1.0
Dispute,2015,12,11.92,8.0,13.37,9.3,1.34,1.0
No Charge,2015,12,11.4,6.5,12.91,7.8,1.28,1.0
Unknown,2015,12,27.17,29.5,33.48,40.3,1.33,1.0
Cash,2016,1,11.49,8.5,12.8,9.3,1.7,1.0
Credit card,2016,1,12.99,9.5,17.11,12.6,1.66,1.0
Dispute,2016,1,11.06,7.5,12.51,8.8,1.31,1.0
No Charge,2016,1,11.42,6.0,12.91,7.3,1.26,1.0
Unknown,2016,1,10.0,10.0,11.8,11.8,1.0,1.0
Cash,2016,2,11.41,8.5,12.71,9.3,1.69,1.0
Credit card,2016,2,12.86,9.5,16.94,12.7,1.64,1.0
Dispute,2016,2,11.17,7.5,12.45,8.8,1.29,1.0
No Charge,2016,2,16.63,6.5,18.29,7.8,1.26,1.0
Cash,2016,3,11.85,8.5,13.2,9.8,1.7,1.0
Credit card,2016,3,13.23,9.5,17.43,12.95,1.64,1.0
Dispute,2016,3,11.56,8.0,12.99,9.3,1.3,1.0
No Charge,2016,3,15.13,7.0,16.77,8.3,1.28,1.0
Cash,2016,4,12.0,9.0,13.35,9.8,1.7,1.0
Credit card,2016,4,13.43,10.0,17.65,12.96,1.64,1.0
Dispute,2016,4,11.46,8.0,12.77,9.3,1.32,1.0
No Charge,2016,4,12.29,7.0,13.89,8.3,1.28,1.0
Unknown,2016,4,0.0,0.0,0.0,0.0,1.0,1.0
Cash,2016,5,12.37,9.0,13.74,10.3,1.7,1.0
Credit card,2016,5,13.85,10.0,18.15,13.3,1.65,1.0
Dispute,2016,5,12.0,8.0,13.33,9.3,1.3,1.0
No Charge,2016,5,12.23,7.0,13.8,8.3,1.29,1.0
Unknown,2016,5,15.28,1.0,19.87,1.3,0.67,1.0
Cash,2016,6,12.38,9.0,13.75,10.3,1.7,1.0
Credit card,2016,6,13.87,10.0,18.2,13.39,1.64,1.0
Dispute,2016,6,24.65,8.5,26.01,9.3,1.32,1.0
No Charge,2016,6,13.04,7.0,14.58,8.3,1.3,1.0
Unknown,2016,6,11.0,11.0,12.8,12.8,1.0,1.0
Cash,2016,7,12.45,9.0,13.81,10.3,1.72,1.0
Credit card,2016,7,13.68,10.0,17.94,13.0,1.64,1.0
Dispute,2016,7,12.47,8.5,13.9,9.3,1.31,1.0
No Charge,2016,7,23.5,7.0,25.01,8.3,1.3,1.0
Unknown,2016,7,52.0,52.0,58.34,58.34,1.0,1.0
Cash,2016,8,12.75,9.0,14.13,10.3,1.72,1.0
Credit card,2016,8,13.56,10.0,17.8,12.96,1.64,1.0
Dispute,2016,8,12.27,8.5,13.7,9.3,1.33,1.0
No Charge,2016,8,12.55,7.0,14.11,8.3,1.3,1.0
Unknown,2016,8,11.0,11.0,12.8,12.8,1.0,1.0
Cash,2016,9,13.22,9.0,14.59,10.3,1.69,1.0
Credit card,2016,9,14.08,10.0,18.42,13.55,1.63,1.0
Dispute,2016,9,12.24,8.0,13.48,9.3,1.29,1.0
No Charge,2016,9,27.97,7.0,29.49,8.3,1.28,1.0
Cash,2016,10,12.44,9.0,13.78,10.3,1.69,1.0
Credit card,2016,10,13.81,10.0,18.07,13.3,1.63,1.0
Dispute,2016,10,23.64,8.5,25.05,9.8,1.31,1.0
No Charge,2016,10,24.48,7.0,25.88,8.3,1.29,1.0
Unknown,2016,10,16.75,16.75,23.42,23.42,1.5,1.5
Cash,2016,11,12.38,9.0,13.71,10.3,1.68,1.0
Credit card,2016,11,13.84,10.0,18.12,13.3,1.62,1.0
Dispute,2016,11,26.26,8.5,27.62,9.3,1.3,1.0
No Charge,2016,11,11.92,7.0,13.33,8.3,1.28,1.0
Cash,2016,12,12.16,9.0,13.5,10.3,1.69,1.0
Credit card,2016,12,13.54,10.0,17.79,12.96,1.63,1.0
Dispute,2016,12,11.85,8.0,13.25,9.3,1.31,1.0
No Charge,2016,12,12.24,7.0,13.71,8.3,1.29,1.0
Unknown,2016,12,19.5,19.5,20.3,20.3,1.0,1.0
Cash,2017,1,11.49,8.0,12.78,9.3,1.66,1.0
Credit card,2017,1,12.75,9.0,16.82,12.35,1.62,1.0
Dispute,2017,1,11.55,7.5,12.86,8.8,1.29,1.0
No Charge,2017,1,23.2,7.0,24.66,7.8,1.26,1.0
Unknown,2017,1,0.0,0.0,0.0,0.0,1.0,1.0
Cash,2017,2,11.51,8.5,12.81,9.3,1.65,1.0
Credit card,2017,2,12.81,9.5,16.88,12.36,1.62,1.0
Dispute,2017,2,11.35,8.0,12.71,8.8,1.31,1.0
No Charge,2017,2,19.23,7.0,20.69,8.3,1.26,1.0
Cash,2017,3,11.79,8.5,13.12,9.8,1.65,1.0
Credit card,2017,3,13.42,9.5,17.65,12.95,1.61,1.0
Dispute,2017,3,11.9,8.0,13.41,9.3,1.31,1.0
No Charge,2017,3,15.64,7.0,17.25,8.3,1.25,1.0
Cash,2017,4,12.22,8.5,13.57,9.8,1.67,1.0
Credit card,2017,4,13.47,9.5,17.71,12.95,1.61,1.0
Dispute,2017,4,12.39,8.5,13.75,9.3,1.33,1.0
No Charge,2017,4,16.21,7.5,17.77,8.8,1.28,1.0
Unknown,2017,4,4.0,4.0,5.3,5.3,1.0,1.0
Cash,2017,5,12.24,9.0,13.59,9.8,1.66,1.0
Credit card,2017,5,13.85,10.0,18.19,12.96,1.61,1.0
Dispute,2017,5,12.56,8.5,14.05,9.8,1.32,1.0
No Charge,2017,5,14.4,7.5,16.02,8.8,1.26,1.0
Cash,2017,6,12.44,9.0,13.79,9.8,1.66,1.0
Credit card,2017,6,13.71,10.0,18.03,12.96,1.61,1.0
Dispute,2017,6,12.67,8.5,14.41,9.8,1.32,1.0
No Charge,2017,6,12.44,7.5,13.91,8.3,1.26,1.0
Unknown,2017,6,10.0,10.0,10.0,10.0,1.0,1.0
Cash,2017,7,12.22,9.0,13.57,9.8,1.69,1.0
Credit card,2017,7,13.57,10.0,17.83,12.96,1.62,1.0
Dispute,2017,7,12.7,8.5,13.99,9.8,1.34,1.0
No Charge,2017,7,11.93,7.0,13.43,8.3,1.3,1.0
Cash,2017,8,12.35,9.0,13.75,9.8,1.68,1.0
Credit card,2017,8,13.49,9.5,17.78,12.95,1.61,1.0
Dispute,2017,8,35.48,8.5,36.94,9.8,1.33,1.0
No Charge,2017,8,17.73,7.5,19.3,8.3,1.3,1.0
Cash,2017,9,12.51,9.0,13.88,9.8,1.66,1.0
Credit card,2017,9,13.84,10.0,18.17,12.96,1.61,1.0
Dispute,2017,9,12.03,8.0,13.4,9.3,1.29,1.0
No Charge,2017,9,11.87,7.0,13.31,8.3,1.26,1.0
Cash,2017,10,12.47,9.0,13.83,9.8,1.66,1.0
Credit card,2017,10,13.71,10.0,18.02,12.96,1.6,1.0
Dispute,2017,10,12.81,8.5,14.18,9.8,1.3,1.0
No Charge,2017,10,29.48,7.5,30.94,8.8,1.26,1.0
Cash,2017,11,11.99,9.0,13.32,9.8,1.65,1.0
Credit card,2017,11,13.6,10.0,17.87,12.96,1.6,1.0
Dispute,2017,11,12.83,8.5,14.21,9.3,1.31,1.0
No Charge,2017,11,20.32,7.0,21.82,8.3,1.26,1.0
Cash,2017,12,12.0,9.0,13.34,9.8,1.67,1.0
Credit card,2017,12,13.39,9.5,17.63,12.95,1.61,1.0
Dispute,2017,12,11.93,8.0,13.33,9.3,1.34,1.0
No Charge,2017,12,19.45,7.5,20.9,8.8,1.29,1.0
Cash,2018,1,11.27,8.0,12.58,9.3,1.64,1.0
Credit card,2018,1,12.69,9.0,16.78,12.3,1.6,1.0
Dispute,2018,1,11.02,7.5,12.45,8.8,1.27,1.0
No Charge,2018,1,11.18,7.0,12.56,7.8,1.25,1.0
Cash,2018,2,11.19,8.0,12.48,9.3,1.63,1.0
Credit card,2018,2,12.63,9.0,16.69,12.35,1.59,1.0
Dispute,2018,2,10.84,7.5,12.08,8.3,1.29,1.0
No Charge,2018,2,10.98,7.0,12.39,8.3,1.25,1.0
Cash,2018,3,11.55,8.5,12.89,9.3,1.63,1.0
Credit card,2018,3,13.1,9.5,17.29,12.36,1.59,1.0
Dispute,2018,3,11.37,7.5,12.67,8.8,1.27,1.0
No Charge,2018,3,20.33,7.0,21.69,8.3,1.25,1.0
Cash,2018,4,12.02,8.5,13.37,9.8,1.64,1.0
Credit card,2018,4,13.39,9.5,17.62,12.8,1.59,1.0
Dispute,2018,4,11.88,8.0,13.2,9.3,1.31,1.0
No Charge,2018,4,12.19,7.5,13.72,8.8,1.27,1.0
Cash,2018,5,12.32,9.0,13.69,9.8,1.63,1.0
Credit card,2018,5,13.86,10.0,18.19,12.96,1.59,1.0
Dispute,2018,5,12.32,8.0,13.65,9.3,1.31,1.0
No Charge,2018,5,12.16,7.5,13.6,8.8,1.26,1.0
Cash,2018,6,12.16,9.0,13.53,9.8,1.63,1.0
Credit card,2018,6,13.78,10.0,18.1,12.96,1.58,1.0
Dispute,2018,6,11.62,8.0,13.14,9.3,1.29,1.0
No Charge,2018,6,11.62,7.5,13.02,8.8,1.26,1.0
Cash,2018,7,12.19,8.5,13.55,9.8,1.65,1.0
Credit card,2018,7,13.55,9.5,17.78,12.91,1.59,1.0
Dispute,2018,7,19.23,7.5,20.49,8.8,1.32,1.0
No Charge,2018,7,44.68,7.0,46.04,8.3,1.28,1.0
Cash,2018,8,12.31,9.0,13.7,9.8,1.65,1.0
Credit card,2018,8,13.48,9.5,17.72,12.88,1.58,1.0
Dispute,2018,8,10.57,7.5,11.68,8.8,1.33,1.0
No Charge,2018,8,46.32,7.0,47.74,8.3,1.27,1.0
Unknown,2018,8,34.5,34.5,35.8,35.8,1.0,1.0
Cash,2018,9,12.42,9.0,13.79,9.8,1.62,1.0
Credit card,2018,9,13.87,10.0,18.14,12.96,1.58,1.0
Dispute,2018,9,10.39,7.5,11.51,8.8,1.31,1.0
No Charge,2018,9,12.2,7.0,13.59,8.3,1.25,1.0
Cash,2018,10,12.59,9.0,13.97,10.3,1.61,1.0
Credit card,2018,10,13.93,10.0,18.26,13.3,1.56,1.0
Dispute,2018,10,10.42,7.5,11.64,8.8,1.29,1.0
No Charge,2018,10,11.47,7.0,12.84,8.3,1.23,1.0
Unknown,2018,10,37.83,37.83,56.44,56.44,1.0,1.0
Cash,2018,11,12.31,9.0,13.65,9.8,1.61,1.0
Credit card,2018,11,13.84,10.0,18.12,12.96,1.57,1.0
Dispute,2018,11,9.72,7.0,10.75,8.3,1.27,1.0
No Charge,2018,11,11.58,7.0,12.94,7.8,1.24,1.0
Cash,2018,12,12.35,9.0,13.69,9.8,1.64,1.0
Credit card,2018,12,13.65,10.0,17.9,12.96,1.58,1.0
Dispute,2018,12,9.05,7.0,10.17,8.3,1.32,1.0
No Charge,2018,12,10.84,6.5,12.16,7.8,1.27,1.0
